Workbook

Sheet Análise de dados
A2: Análise de base de dados abertos
A3: Análise de dados baseada em perguntas orientadoras.
A6: 1- Comparativo entre o valor adicionado total de SJC pelo PIB entre 2020 e 2021
A8: Ano | B8: Total do valor adicionado | C8: PIB | D8: Diferença percentual
A9: 2020 | B9: ='Tabela 1'!E16 -> 106.09495 | C9: ='Tabela 1'!F16 -> 121.94684 | D9: =(C9/B9)/C9 -> 0.0094255195
A10: 2021 | B10: ='Tabela 1'!J16 -> 137.01078 | C10: ='Tabela 1'!K16 -> 157.33092 | D10: =(C10/B10)/C10 -> 0.0072986955
A23: 2- Média do valor adicionado SJC em todos os anos
A25: Total PIB | B25: Indústria | C25: Serviços | D25: Agropecuária
A26: =AVERAGE('Tabela 17.8'!G8:G92) -> 2.3866298 | B26: =AVERAGE('Tabela 17.8'!D8:D92) -> 0.82562572 | C26: =AVERAGE('Tabela 17.8'!E8:E92) -> 2.7389955 | D26: =AVERAGE('Tabela 17.8'!C8:C92) -> 1.7447652
A40: 3- Evolução do crescimento do PIB em 2024
A42: Trimestres | B42: Trimestre / Trimestre imediatamente anterior (com ajuste sazonal) | C42: Trimestre / mesmo trimestre do ano anterior
A43: 2024.1 | B43: 1.7401157 | C43: 3.4116089
A44: 2024.2 | B44: 1.9037326 | C44: 5.435507
A45: 2024.3 | B45: 0.31210674 | C45: 5.3303137
A46: 2024.4 | B46: -0.34748233 | C46: 3.8342092
A57: 4- Quais municípios estão abaixo da média do PIB?
A59: Municípios: | B59: PIB Município | D59: Média PIB
A60: RM São Paulo | B60: =VLOOKUP(A60,'Tabela 1'!$A$9:$F$29,6,FALSE) -> 1236.6581 | D60: =AVERAGE('Tabela 1'!F9:F29) -> 285.33029
A61: Município de São Paulo | B61: =VLOOKUP(A61,'Tabela 1'!A10:F30,6,FALSE) -> 746.90933
A62: RA Campinas | B62: =VLOOKUP(A62,'Tabela 1'!A14:F34,6,FALSE) -> 458.38682
A63: Região de Osasco | B63: =VLOOKUP(A63,'Tabela 1'!A13:F33,6,FALSE) -> 238.13918
A64: Região do ABCD | B64: =VLOOKUP(A64,'Tabela 1'!A11:F31,6,FALSE) -> 127.203
A65: Região de Guarulhos | B65: =VLOOKUP(A65,'Tabela 1'!A12:F32,6,FALSE) -> 124.4066
A66: RA São José dos Campos | B66: =VLOOKUP(A66,'Tabela 1'!A15:F35,6,FALSE) -> 121.94684
A67: RA Sorocaba | B67: =VLOOKUP(A67,'Tabela 1'!A16:F36,6,FALSE) -> 112.90937
A68: RA Santos | B68: =VLOOKUP(A68,'Tabela 1'!A17:F37,6,FALSE) -> 68.481915
A69: RA Ribeirão Preto | B69: =VLOOKUP(A69,'Tabela 1'!A18:F38,6,FALSE) -> 62.481005
A70: RA São José do Rio Preto | B70: =VLOOKUP(A70,'Tabela 1'!A19:F39,6,FALSE) -> 58.763537
A71: RA Bauru | B71: =VLOOKUP(A71,'Tabela 1'!A20:F40,6,FALSE) -> 48.296824
A72: RA Central | B72: =VLOOKUP(A72,'Tabela 1'!A21:F41,6,FALSE) -> 44.342566
A73: RA Marília | B73: =VLOOKUP(A73,'Tabela 1'!A22:F42,6,FALSE) -> 37.528086
A74: RA Presidente Prudente | B74: =VLOOKUP(A74,'Tabela 1'!A23:F43,6,FALSE) -> 28.24778
A75: RA Franca | B75: =VLOOKUP(A75,'Tabela 1'!A25:F45,6,FALSE) -> 27.782516
A76: RA Araçatuba | B76: =VLOOKUP(A76,'Tabela 1'!A24:F44,6,FALSE) -> 27.537034
A77: RA Barretos | B77: =VLOOKUP(A77,'Tabela 1'!A27:F47,6,FALSE) -> 17.74211
A78: RA Itapeva | B78: =VLOOKUP(A78,'Tabela 1'!A26:F46,6,FALSE) -> 17.510092
A79: RA Registro | B79: =VLOOKUP(A79,'Tabela 1'!A28:F48,6,FALSE) -> 9.0243726
A81: 5- Qual a participação (em %) do PIB das cidades comparado com o Estado de SP?
A83: Municípios: | B83: PIB Cidades | C83: Particpação do PIB total: | E83: PIB Total:
A84: Município de São Paulo | B84: =VLOOKUP(A84,'Tabela 1'!A8:F29,6,FALSE) -> 746.90933 | C84: =(B84/$E$84) -> 0.31413908 | E84: 2377.639
A85: RA Campinas | B85: =VLOOKUP(A85,'Tabela 1'!A9:F30,6,FALSE) -> 458.38682 | C85: =(B85/$E$84) -> 0.19279076
A86: Região de Osasco | B86: =VLOOKUP(A86,'Tabela 1'!A10:F31,6,FALSE) -> 238.13918 | C86: =(B86/$E$84) -> 0.10015784
A87: Região do ABCD | B87: =VLOOKUP(A87,'Tabela 1'!A11:F32,6,FALSE) -> 127.203 | C87: =(B87/$E$84) -> 0.053499713
A88: Região de Guarulhos | B88: =VLOOKUP(A88,'Tabela 1'!A12:F33,6,FALSE) -> 124.4066 | C88: =(B88/$E$84) -> 0.052323587
A89: RA São José dos Campos | B89: =VLOOKUP(A89,'Tabela 1'!A13:F34,6,FALSE) -> 121.94684 | C89: =(B89/$E$84) -> 0.051289047
A90: RA Sorocaba | B90: =VLOOKUP(A90,'Tabela 1'!A14:F35,6,FALSE) -> 112.90937 | C90: =(B90/$E$84) -> 0.047488021
A91: RA Santos | B91: =VLOOKUP(A91,'Tabela 1'!A15:F36,6,FALSE) -> 68.481915 | C91: =(B91/$E$84) -> 0.028802487
A92: RA Ribeirão Preto | B92: =VLOOKUP(A92,'Tabela 1'!A16:F37,6,FALSE) -> 62.481005 | C92: =(B92/$E$84) -> 0.026278592
A93: RA São José do Rio Preto | B93: =VLOOKUP(A93,'Tabela 1'!A17:F38,6,FALSE) -> 58.763537 | C93: =(B93/$E$84) -> 0.02471508
A94: RA Bauru | B94: =VLOOKUP(A94,'Tabela 1'!A18:F39,6,FALSE) -> 48.296824 | C94: =(B94/$E$84) -> 0.020312934
A95: RA Central | B95: =VLOOKUP(A95,'Tabela 1'!A19:F40,6,FALSE) -> 44.342566 | C95: =(B95/$E$84) -> 0.018649831
A96: RA Marília | B96: =VLOOKUP(A96,'Tabela 1'!A20:F41,6,FALSE) -> 37.528086 | C96: =(B96/$E$84) -> 0.015783761
... A102: RA Registro | B102: =VLOOKUP(A102,'Tabela 1'!A26:F47,6,FALSE) -> 9.0243726 | C102: =(B102/$E$84) -> 0.0037955184

Sheet Tabela 1
A1: Tabela 1
A2: Valor Adicionado por setores e Produto Interno Bruto, segundo as regiões administrativas
A3: Estado de São Paulo
A4: 2020-2024
Z5: Em R$ bilhões
B6: 2020 | G6: 2021 | L6: 2022 | Q6: 2023 | V6: 2024
B7: Valor Adicionado | G7: Valor Adicionado | L7: Valor Adicionado | P7: PIB | Q7: Valor Adicionado | V7: Valor Adicionado
A8: Regiões Administrativas | B8: Agropecuária | C8: Indústria | D8: Serviços | E8: Total | F8: PIB | G8: Agropecuária | H8: Indústria | I8: Serviços | J8: Total | K8: PIB | L8: Agropecuária | M8: Indústria | N8: Serviços | O8: Total | Q8: Agropecuária | R8: Indústria | S8: Serviços | T8: Total | U8: PIB | V8: Agropecuária | W8: Indústria | X8: Serviços | Y8: Total | Z8: PIB
A9: Estado de São Paulo | B9: 44.391205 | C9: 416.87301 | D9: 1553.5861 | E9: 2014.8503 | F9: 2377.639 | G9: 46.193518 | H9: 518.29253 | I9: 1681.8794 | J9: 2246.3654 | K9: 2719.7512 | L9: 42.392265 | M9: 641.85328 | N9: 1948.4454 | O9: 2632.6909 | P9: 3130.3332 | Q9: 41.439985 | R9: 610.12476 | S9: 2097.3243 | T9: 2748.8891 | U9: 3235.3148 | V9: 44.335482 | W9: 627.52465 | X9: 2254.4626 | Y9: 2926.3227 | Z9: 3480.9458
A10: RM São Paulo | B10: 2.0410631 | C10: 142.66712 | D10: 885.60154 | E10: 1030.3097 | F10: 1236.6581 | G10: 1.9810301 | H10: 168.35213 | I10: 945.09477 | J10: 1115.4279 | K10: 1390.1028 | L10: 1.642145 | M10: 197.4374 | N10: 1095.9992 | O10: 1295.0787 | P10: 1582.9595 | Q10: 1.1915284 | R10: 199.1166 | S10: 1193.5073 | T10: 1393.8154 | U10: 1677.9026 | V10: 1.1611819 | W10: 209.77103 | X10: 1294.1261 | Y10: 1505.0583 | Z10: 1827.0287
A11: Município de São Paulo | B11: 0.061896496 | C11: 57.439419 | D11: 565.0784 | E11: 622.57971 | F11: 746.90933 | G11: 0.061628253 | H11: 62.513855 | I11: 598.2211 | J11: 660.79658 | K11: 828.98061 | L11: 0.048301792 | M11: 70.058264 | N11: 692.45268 | O11: 762.55925 | P11: 937.1345 | Q11: 0.039508388 | R11: 74.432204 | S11: 769.3318 | T11: 843.80352 | U11: 1019.6451 | V11: 0.039570197 | W11: 79.096097 | X11: 840.13143 | Y11: 919.2671 | Z11: 1117.367
A12: Região do ABCD | B12: 0.016250191 | C12: 29.683087 | D12: 77.724161 | E12: 107.4235 | F12: 127.203 | G12: 0.016376167 | H12: 38.503718 | I12: 85.825819 | J12: 124.34591 | K12: 150.57638 | L12: 0.012500609 | M12: 48.208353 | N12: 96.222037 | O12: 144.44289 | P12: 171.07356 | Q12: 0.0029909681 | R12: 46.110935 | S12: 101.53953 | T12: 147.65346 | U12: 173.41898 | V12: 0.0029546187 | W12: 49.353738 | X12: 108.72555 | Y12: 158.08224 | Z12: 188.47468
A13: Região de Guarulhos | B13: 1.7027214 | C13: 26.906489 | D13: 76.815875 | E13: 105.42509 | F13: 124.4066 | G13: 1.6554234 | H13: 34.609567 | I13: 83.758683 | J13: 120.02367 | K13: 144.83184 | L13: 1.3888033 | M13: 41.565865 | N13: 99.576414 | O13: 142.53108 | P13: 169.62285 | Q13: 1.0051444 | R13: 41.080647 | S13: 104.96458 | T13: 147.05037 | U13: 172.61087 | V13: 0.97300674 | W13: 41.848536 | X13: 109.97833 | Y13: 152.79988 | Z13: 181.78759
A14: Região de Osasco | B14: 0.26019502 | C14: 28.638122 | D14: 165.9831 | E14: 194.88142 | F14: 238.13918 | G14: 0.24760234 | H14: 32.724992 | I14: 177.28916 | J14: 210.26176 | K14: 265.71395 | L14: 0.19253937 | M14: 37.604916 | N14: 207.74804 | O14: 245.54549 | P14: 305.1286 | Q14: 0.14388457 | R14: 37.492816 | S14: 217.6714 | T14: 255.3081 | U14: 312.22765 | V14: 0.14565033 | W14: 39.472659 | X14: 235.29074 | Y14: 274.90905 | Z14: 339.39936
A15: RA Campinas | B15: 7.5339475 | C15: 120.28108 | D15: 251.45847 | E15: 379.27349 | F15: 458.38682 | G15: 8.6216052 | H15: 149.45972 | I15: 278.10534 | J15: 436.18666 | K15: 535.6639 | L15: 8.4755728 | M15: 184.05519 | N15: 319.31432 | O15: 511.84509 | P15: 617.0445 | Q15: 8.2076143 | R15: 173.44108 | S15: 337.00384 | T15: 518.65253 | U15: 619.25106 | V15: 10.721379 | W15: 175.17561 | X15: 360.72468 | Y15: 546.62167 | Z15: 662.47682
A16: RA São José dos Campos | B16: 0.57212874 | C16: 39.848668 | D16: 65.674152 | E16: 106.09495 | F16: 121.94684 | G16: 0.62652656 | H16: 61.183658 | I16: 75.2006 | J16: 137.01078 | K16: 157.33092 | L16: 0.66832636 | M16: 83.20433 | N16: 86.156071 | O16: 170.02873 | P16: 184.90461 | Q16: 0.54020406 | R16: 71.09136 | S16: 90.107221 | T16: 161.73879 | U16: 175.881 | V16: 0.78135493 | W16: 69.41059 | X16: 94.596887 | Y16: 164.78883 | Z16: 181.74255
A17: RA Sorocaba | B17: 4.1700381 | C17: 26.847086 | D17: 64.555591 | E17: 95.572715 | F17: 112.90937 | G17: 4.2975388 | H17: 35.5442 | I17: 72.60134 | J17: 112.44308 | K17: 135.34799 | L17: 3.6407757 | M17: 44.490532 | N17: 84.351241 | O17: 132.48255 | P17: 157.19589 | Q17: 4.221134 | R17: 41.559688 | S17: 91.733286 | T17: 137.51411 | U17: 162.23638 | V17: 4.415338 | W17: 43.303562 | X17: 96.839643 | Y17: 144.55854 | Z17: 172.91576
A18: RA Santos | B18: 0.15717602 | C18: 13.62975 | D18: 46.807036 | E18: 60.593963 | F18: 68.481915 | G18: 0.1754709 | H18: 17.980347 | I18: 51.116599 | J18: 69.272418 | K18: 79.037792 | L18: 0.1480626 | M18: 27.955026 | N18: 59.657185 | O18: 87.760274 | P18: 97.273671 | Q18: 0.16724607 | R18: 21.434569 | S18: 63.217617 | T18: 84.819433 | U18: 94.637101 | V18: 0.16274515 | W18: 22.088408 | X18: 66.114608 | Y18: 88.365761 | Z18: 99.76843
A19: RA Ribeirão Preto | B19: 2.3007603 | C19: 10.467088 | D19: 42.860964 | E19: 55.628812 | F19: 62.481005 | G19: 2.5421203 | H19: 12.734704 | I19: 46.356367 | J19: 61.633191 | K19: 70.272389 | L19: 2.3840011 | M19: 15.181234 | N19: 53.825826 | O19: 71.391061 | P19: 81.066842 | Q19: 2.1815779 | R19: 15.039151 | S19: 56.873644 | T19: 74.094373 | U19: 82.950469 | V19: 2.315264 | W19: 15.809712 | X19: 62.291723 | Y19: 80.416699 | Z19: 90.940203
A20: RA São José do Rio Preto | B20: 4.3759222 | C20: 10.105976 | D20: 39.07383 | E20: 53.555728 | F20: 58.763537 | G20: 4.5621969 | H20: 11.086824 | I20: 42.507354 | J20: 58.156374 | K20: 64.810406 | L20: 4.3413491 | M20: 13.02172 | N20: 49.496499 | O20: 66.859568 | P20: 74.871908 | Q20: 4.4917902 | R20: 13.437578 | S20: 53.018678 | T20: 70.948046 | U20: 78.649861 | V20: 4.5990306 | W20: 13.997057 | X20: 56.860254 | Y20: 75.456342 | Z20: 84.353658
... A29: RA Registro | B29: 1.2949423 | C29: 1.7032313 | D29: 5.3893315 | E29: 8.3875052 | F29: 9.0243726 | G29: 1.2750495 | H29: 2.6315572 | I29: 5.8847126 | J29: 9.7913193 | K29: 10.721682 | L29: 1.2224282 | M29: 3.8866691 | N29: 6.930342 | O29: 12.039439 | P29: 13.016595 | Q29: 1.0960058 | R29: 2.8835032 | S29: 7.5191136 | T29: 11.498623 | U29: 12.432983 | V29: 1.1366311 | W29: 2.5957976 | X29: 8.0134927 | Y29: 11.745921 | Z29: 12.711595
A30: Fonte: Fundação Seade. Convênio com a Secretaria Municipal da Fazenda de São Paulo.
A31: Nota: Os dados são preliminares e sujeitos a revisão.
A32: Municípios que compreendem as Delegacias Regionais Tributárias: Região da Capital: município de São Paulo. Região do ABCD: Diadema, Mauá, Ribeirão Pires, Rio Grande da Serra, Santo
A33: André, São Bernardo do Campo e São Caetano do Sul. Região de Guarulhos: Arujá, Biritiba-Mirim, Ferraz de Vasconcelos, Guararema, Guarulhos, Itaquaquecetuba, Mairiporã, Mogi das Cruzes, Poá,
A34: Salesópolis, Santa Isabel e Suzano. Região de Osasco: Barueri, Caieiras, Cajamar, Carapicuíba, Cotia, Embu das Artes, Embu-Guaçu, Francisco Morato, Franco da Rocha, Itapecerica da Serra, Itapevi, Jandira,
A35: Juquitiba, Osasco, Pirapora do Bom Jesus, Santana do Parnaíba, São Lourenço da Serra, Taboão da Serra e Vargem Grande Paulista.

Sheet Tabela 2
A1: Tabela 2
A2: Participação do Valor Adicionado setorial e do Produto Interno Bruto no total da economia paulista, segundo as regiões administrativas
A3: Estado de São Paulo
A4: 2020-2024
Z5: Em porcentagem
A6: Regiões Administrativas | B6: 2020 | G6: 2021 | L6: 2022 | Q6: 2023 | V6: 2024
B7: Valor Adicionado | F7: PIB | G7: Valor Adicionado | K7: PIB | L7: Valor Adicionado | P7: PIB | Q7: Valor Adicionado | U7: PIB | V7: Valor Adicionado | Z7: PIB
B8: Agropecuária | C8: Indústria | D8: Serviços | E8: Total | G8: Agropecuária | H8: Indústria | I8: Serviços | J8: Total | L8: Agropecuária | M8: Indústria | N8: Serviços | O8: Total | Q8: Agropecuária | R8: Indústria | S8: Serviços | T8: Total | V8: Agropecuária | W8: Indústria | X8: Serviços | Y8: Total
A9: Estado de São Paulo | B9: 100 | C9: 100 | D9: 100 | E9: 100 | F9: 100 | G9: 100 | H9: 100 | I9: 100 | J9: 100 | K9: 100 | L9: 100 | M9: 100 | N9: 100 | O9: 100 | P9: 100 | Q9: 100 | R9: 100 | S9: 100 | T9: 100 | U9: 100 | V9: 100 | W9: 100 | X9: 100 | Y9: 100 | Z9: 100
A10: RM São Paulo | B10: 4.5978998 | C10: 34.22316 | D10: 57.003699 | E10: 51.135795 | F10: 52.012022 | G10: 4.2885457 | H10: 32.482068 | I10: 56.192779 | J10: 49.654785 | K10: 51.111394 | L10: 3.8736902 | M10: 30.760519 | N10: 56.24993 | O10: 49.192205 | P10: 50.568403 | Q10: 2.8753108 | R10: 32.635391 | S10: 56.906188 | T10: 50.704681 | U10: 51.862112 | V10: 2.6190803 | W10: 33.428333 | X10: 57.402863 | Y10: 51.431726 | Z10: 52.486559
A11: Município de São Paulo | B11: 0.13943414 | C11: 13.778637 | D11: 36.372519 | E11: 30.899552 | F11: 31.413908 | G11: 0.1334132 | H11: 12.0615 | I11: 35.568609 | J11: 29.416255 | K11: 30.480016 | L11: 0.11394011 | M11: 10.914997 | N11: 35.538727 | O11: 28.965012 | P11: 29.937212 | Q11: 0.09533881 | R11: 12.199506 | S11: 36.681585 | T11: 30.696165 | U11: 31.516101 | V11: 0.089251758 | W11: 12.60446 | X11: 37.265264 | Y11: 31.41373 | Z11: 32.099524
A12: Região do ABCD | B12: 0.036606781 | C12: 7.1204147 | D12: 5.0028873 | E12: 5.3315871 | F12: 5.3499713 | G12: 0.035451222 | H12: 7.4289548 | I12: 5.1029711 | J12: 5.5354268 | K12: 5.5364025 | L12: 0.029487947 | M12: 7.5108058 | N12: 4.9384005 | O12: 5.4865115 | P12: 5.4650272 | Q12: 0.0072175897 | R12: 7.5576239 | S12: 4.8413845 | T12: 5.3713866 | U12: 5.3601889 | V12: 0.0066642305 | W12: 7.8648285 | X12: 4.8226814 | Y12: 5.4020782 | Z12: 5.4144675
A13: Região de Guarulhos | B13: 3.835718 | C13: 6.4543611 | D13: 4.9444234 | E13: 5.2324029 | F13: 5.2323587 | G13: 3.5836703 | H13: 6.6776125 | I13: 4.9800648 | J13: 5.3430164 | K13: 5.325187 | L13: 3.276077 | M13: 6.4759138 | N13: 5.1105571 | O13: 5.4138935 | P13: 5.4186835 | Q13: 2.4255425 | R13: 6.7331553 | S13: 5.0046898 | T13: 5.3494472 | U13: 5.335211 | V13: 2.1946457 | W13: 6.6688274 | X13: 4.8782506 | Y13: 5.2215662 | Z13: 5.2223619
A14: Região de Osasco | B14: 0.58614092 | C14: 6.8697472 | D14: 10.683869 | E14: 9.6722531 | F14: 10.015784 | G14: 0.53601102 | H14: 6.3140003 | I14: 10.541134 | J14: 9.360087 | K14: 9.7697886 | L14: 0.45418514 | M14: 5.8588025 | N14: 10.662246 | O14: 9.3267876 | P14: 9.7474798 | Q14: 0.34721194 | R14: 6.1451065 | S14: 10.378528 | T14: 9.2876829 | U14: 9.6506111 | V14: 0.32851865 | W14: 6.2902164 | X14: 10.436667 | Y14: 9.3943518 | Z14: 9.7502052
A15: RA Campinas | B15: 16.971712 | C15: 28.85317 | D15: 16.18568 | E15: 18.823904 | F15: 19.279076 | G15: 18.664102 | H15: 28.836943 | I15: 16.535391 | J15: 19.41744 | K15: 19.695327 | L15: 19.993206 | M15: 28.675587 | N15: 16.388159 | O15: 19.441898 | P15: 19.711783 | Q15: 19.806027 | R15: 28.42715 | S15: 16.068275 | T15: 18.867714 | U15: 19.140365 | V15: 24.182389 | W15: 27.915335 | X15: 16.000473 | Y15: 18.679473 | Z15: 19.031518
A16: RA São José dos Campos | B16: 1.2888335 | C16: 9.5589465 | D16: 4.2272618 | E16: 5.2656491 | F16: 5.1289047 | G16: 1.3563084 | H16: 11.80485 | I16: 4.4712243 | J16: 6.0992207 | K16: 5.784754 | L16: 1.576529 | M16: 12.963139 | N16: 4.4217853 | O16: 6.4583626 | P16: 5.9068666 | Q16: 1.3035817 | R16: 11.651938 | S16: 4.2962941 | T16: 5.8837873 | U16: 5.4362872 | V16: 1.7623693 | W16: 11.061014 | X16: 4.195984 | Y16: 5.6312598 | Z16: 5.2210682
A17: RA Sorocaba | B17: 9.3938385 | C17: 6.4401114 | D17: 4.1552632 | E17: 4.7434152 | F17: 4.7488021 | G17: 9.3033373 | H17: 6.8579417 | I17: 4.3166794 | J17: 5.005556 | K17: 4.9764843 | L17: 8.5883018 | M17: 6.9315736 | N17: 4.329156 | O17: 5.0322105 | P17: 5.0216983 | Q17: 10.186138 | R17: 6.8116704 | S17: 4.3738246 | T17: 5.0025339 | U17: 5.0145471 | V17: 9.9589264 | W17: 6.900695 | X17: 4.2954647 | Y17: 4.9399386 | Z17: 4.9674936
A18: RA Santos | B18: 0.35407018 | C18: 3.2695209 | D18: 3.0128383 | E18: 3.007368 | F18: 2.8802487 | G18: 0.37986044 | H18: 3.4691504 | I18: 3.0392548 | J18: 3.0837555 | K18: 2.906067 | L18: 0.34926797 | M18: 4.3553608 | N18: 3.0617838 | O18: 3.3334818 | P18: 3.1074542 | Q18: 0.40358624 | R18: 3.5131453 | S18: 3.0142032 | T18: 3.0855895 | U18: 2.9251281 | V18: 0.36707652 | W18: 3.5199267 | X18: 2.9326106 | Y18: 3.0196861 | Z18: 2.86613
A19: RA Ribeirão Preto | B19: 5.1829191 | C19: 2.5108577 | D19: 2.7588406 | E19: 2.7609402 | F19: 2.6278592 | G19: 5.503197 | H19: 2.4570494 | I19: 2.7562242 | J19: 2.743685 | K19: 2.58378 | L19: 5.6236699 | M19: 2.3652188 | N19: 2.7625011 | O19: 2.7117145 | P19: 2.5897193 | Q19: 5.2644274 | R19: 2.4649305 | S19: 2.7117238 | T19: 2.6954297 | U19: 2.5639072 | V19: 5.2221469 | W19: 2.519377 | X19: 2.7630409 | Y19: 2.7480462 | Z19: 2.6125142
A20: RA São José do Rio Preto | B20: 9.8576332 | C20: 2.4242337 | D20: 2.5150734 | E20: 2.65805 | F20: 2.471508 | G20: 9.8762707 | H20: 2.1391054 | I20: 2.5273723 | J20: 2.5889098 | K20: 2.3829535 | L20: 10.240899 | M20: 2.0287689 | N20: 2.5403072 | O20: 2.5395905 | P20: 2.3918191 | Q20: 10.839266 | R20: 2.2024313 | S20: 2.5279198 | T20: 2.5809716 | U20: 2.4309802 | V20: 10.373251 | W20: 2.2305191 | X20: 2.5221201 | Y20: 2.578538 | Z20: 2.4232971
... A29: RA Registro | B29: 2.9171146 | C29: 0.40857318 | D29: 0.34689623 | E29: 0.41628428 | F29: 0.37955184 | G29: 2.7602347 | H29: 0.50773588 | I29: 0.3498891 | J29: 0.43587384 | K29: 0.39421555 | L29: 2.8836115 | M29: 0.60553856 | N29: 0.35568572 | O29: 0.45730546 | P29: 0.41582139 | Q29: 2.6448026 | R29: 0.47260878 | S29: 0.35850982 | T29: 0.41830071 | U29: 0.38428975 | V29: 2.5637054 | W29: 0.41365667 | X29: 0.35545024 | Y29: 0.40138845 | Z29: 0.36517647
A30: Fonte: Fundação Seade. Convênio com a Secretaria Municipal da Fazenda de São Paulo.
A31: Nota: Os dados são preliminares e sujeitos a revisão.
A32: Municípios que compreendem as Delegacias Regionais Tributárias: Região da Capital: município de São Paulo. Região do ABCD: Diadema, Mauá, Ribeirão Pires, Rio Grande da Serra, Santo
A33: André, São Bernardo do Campo e São Caetano do Sul. Região de Guarulhos: Arujá, Biritiba-Mirim, Ferraz de Vasconcelos, Guararema, Guarulhos, Itaquaquecetuba, Mairiporã, Mogi das Cruzes, Poá,
A34: Salesópolis, Santa Isabel e Suzano. Região de Osasco: Barueri, Caieiras, Cajamar, Carapicuíba, Cotia, Embu das Artes, Embu-Guaçu, Francisco Morato, Franco da Rocha, Itapecerica da Serra, Itapevi, Jandira,
A35: Juquitiba, Osasco, Pirapora do Bom Jesus, Santana do Parnaíba, São Lourenço da Serra, Taboão da Serra e Vargem Grande Paulista.

Sheet Tabela 17.1
A1: Tabela 17.1
A2: Produto Interno Bruto a Preço de Mercado Total e per Capita e População Residente
A3: Região Administrativa de São José dos Campos
A4: 2002-2024
A6: Anos | B6: PIB Total | G6: População Residente (1) | H6: PIB per Capita
B7: Preço corrente | C7: Preço do ano anterior | D7: Taxa de crescimento (Em %) | E7: Índice de Volume | F7: Deflator Implícito | H7: Preço Corrente | I7: Preço do ano anterior | J7: Taxa de crescimento (Em %) | K7: Índice de Volume Base:2010=100
B8: Em bilhões de Reais | E8: Base: 2010 = 100 | H8: Em Reais
A9: 2002 | B9: 29.500924 | E9: 66.029997 | F9: 65.716206 | G9: 2048057 | H9: 14404.347 | K9: 72.931938
A10: 2003 | B10: 34.74765 | C10: 28.909265 | D10: -2.0055581 | E10: 64.705727 | F10: 78.987953 | G10: 2075817 | H10: 16739.264 | I10: 13926.693 | J10: -3.3160425 | K10: 70.513484
A11: 2004 | B11: 40.145422 | C11: 37.415472 | D11: 7.6777056 | E11: 69.673642 | F11: 84.751161 | G11: 2103137 | H11: 19088.353 | I11: 17790.316 | J11: 6.2789594 | K11: 74.940997
A12: 2005 | B12: 42.521119 | C12: 40.515125 | D12: 0.92091066 | E12: 70.315274 | F12: 88.94738 | G12: 2130609 | H12: 19957.261 | I12: 19015.749 | J12: -0.38036013 | K12: 74.655952
A13: 2006 | B13: 46.007414 | C13: 45.077367 | D13: 6.0117128 | E13: 74.542426 | F13: 90.782564 | G13: 2157749 | H13: 21321.949 | I13: 20890.922 | J13: 4.6783057 | K13: 78.148585
A14: 2007 | B14: 52.528228 | C14: 51.364824 | D14: 11.644667 | E14: 83.222644 | F14: 92.838771 | G14: 2183874 | H14: 24052.774 | I14: 23520.049 | J14: 10.309097 | K14: 86.204999
A15: 2008 | B15: 59.76027 | C15: 57.420097 | D15: 9.3128396 | E15: 90.973035 | F15: 96.622443 | G15: 2209757 | H15: 27043.82 | I15: 25984.802 | J15: 8.0324525 | K15: 93.129375
A16: 2009 | B16: 62.215158 | C16: 59.131087 | D16: -1.0528463 | E16: 90.015229 | F16: 101.66193 | G16: 2235459 | H16: 27831.044 | I16: 26451.43 | J16: -2.1904828 | K16: 91.089392
A17: 2010 | B17: 67.98637 | C17: 69.116258 | D17: 11.092313 | E17: 100 | F17: 100 | G17: 2262135 | H17: 30054.073 | I17: 30553.551 | J17: 9.7822679 | K17: 100
A18: 2011 | B18: 72.244493 | C18: 69.226912 | D18: 1.8246923 | E18: 101.82469 | F18: 104.35897 | G18: 2285809 | H18: 31605.656 | I18: 30285.519 | J18: 0.77009952 | K18: 100.7701
A19: 2012 | B19: 76.989946 | C19: 74.779354 | D19: 3.5087244 | E19: 105.39744 | F19: 107.44398 | G19: 2309772 | H19: 33332.271 | I19: 32375.21 | J19: 2.434861 | K19: 103.22371
A20: 2013 | B20: 86.603171 | C20: 78.392009 | D20: 1.8210988 | E20: 107.31683 | F20: 118.69819 | G20: 2334029 | H20: 37104.582 | I20: 33586.562 | J20: 0.76289673 | K20: 104.0112
A21: 2014 | B21: 95.839314 | C21: 86.722923 | D21: 0.13827599 | E21: 107.46523 | F21: 131.17585 | G21: 2358600 | H21: 40633.984 | I21: 36768.813 | J21: -0.90492658 | K21: 103.06998
... A31: 2024 | B31: 181.74255 | C31: 175.02295 | D31: -0.48785741 | E31: 105.49162 | F31: 253.40595 | G31: 2554119.3 | H31: 71156.643 | I31: 68525.756 | J31: -1.0511339 | K31: 93.431929
A32: Fonte: Fundação Seade.
A33: (1) Considerou-se a projeção da população estimada pela Fundação Seade.
A34: Nota: Os dados são preliminares e sujeitos a revisão.

Sheet Tabela 17.2
A1: Tabela 17.2
A2: Taxas de crescimento do PIB
A3: Região Administrativa de São José dos Campos
A4: 2º Trimestre de 2002 - 4º trimestre de 2024
A5: Em porcentagem
A6: Trimestres | B6: Trimestre / Trimestre imediatamente anterior (com ajuste sazonal) | C6: Trimestre / mesmo trimestre do ano anterior | D6: Acumulado ao longo do ano / mesmo período do ano anterior | E6: Últimos quatro trimestres / quatro trimestres imediatamente anteriores
A7: 2002.1 | B7: - | C7: - | D7: - | E7: -
A8: 2002.2 | B8: -0.58953666 | C8: - | D8: - | E8: -
A9: 2002.3 | B9: -2.4472924 | C9: - | D9: - | E9: -
A10: 2002.4 | B10: 3.8762023 | C10: - | D10: - | E10: -
A11: 2003.1 | B11: -2.7350912 | C11: -2.0240556 | D11: -2.0240556 | E11: -
A12: 2003.2 | B12: -2.2486795 | C12: -4.1448537 | D12: -3.1011761 | E12: -
A13: 2003.3 | B13: -1.4705075 | C13: -2.1928024 | D13: -2.7942678 | E13: -
A14: 2003.4 | B14: 7.5731961 | C14: 0.16857134 | D14: -2.0055581 | E14: -2.0055581
A15: 2004.1 | B15: 1.2967862 | C15: 5.3859782 | D15: 5.3859782 | E15: -0.26110434
A16: 2004.2 | B16: 0.61926262 | C16: 8.3231593 | D16: 6.8616596 | E16: 2.773523
A17: 2004.3 | B17: 5.7660357 | C17: 15.746595 | D17: 9.8821486 | E17: 7.2422589
A18: 2004.4 | B18: -5.6935166 | C18: 1.7807552 | D18: 7.6777056 | E18: 7.6777056
A19: 2005.1 | B19: 1.2863261 | C19: 0.45422946 | D19: 0.45422946 | E19: 6.4218794
A20: 2005.2 | B20: 2.7997443 | C20: 4.6246949 | D20: 2.5781869 | E20: 5.5226788
A21: 2005.3 | B21: -0.70241205 | C21: -1.8761687 | D21: 0.98308309 | E21: 1.1855698
A22: 2005.4 | B22: -2.0382066 | C22: 0.74135961 | D22: 0.92091066 | E22: 0.92091066
A23: 2006.1 | B23: 3.7449383 | C23: 4.2585928 | D23: 4.2585928 | E23: 1.813627
A24: 2006.2 | B24: 5.1518684 | C24: 5.964674 | D24: 5.14481 | E24: 2.1811098
A25: 2006.3 | B25: -2.2826133 | C25: 4.4235227 | D25: 4.8938305 | E25: 3.8335378
... A98: 2024.4 | B98: -2.1364656 | C98: -2.4327541 | D98: -0.48785741 | E98: -0.48785741
A99: Fonte: Fundação Seade.
A100: Nota: Os dados são preliminares e sujeitos a revisão.

Sheet Tabela 17.7
A1: Tabela 17.7
A2: Taxas de crescimento do Valor Adicionado por setores de atividade econômica e do Produto Interno Bruto acumuladas no ano em relação ao período do ano anterior
A3: Região Administrativa de São José dos Campos
A4: 1º Trimestre de 2003 - 4º trimestre de 2024
A5: Em porcentagem
A6: Trimestres | C6: Valor Adicionado | G6: PIB
C7: Agropecuária | D7: Indústria | E7: Serviços | F7: Total
A8: 2003 | B8: I | C8: 23.460327 | D8: 4.3718366 | E8: -1.0741346 | F8: 1.4515026 | G8: -2.0240556
B9: II | C9: 16.804139 | D9: 0.56370595 | E9: -1.8093105 | F9: -0.61232337 | G9: -3.1011761
B10: III | C10: 11.86149 | D10: -2.1102379 | E10: -0.44696922 | F10: -1.0683596 | G10: -2.7942678
B11: IV | C11: 8.6178739 | D11: -4.4817746 | E11: 1.280153 | F11: -1.2384266 | G11: -2.0055581
A12: 2004 | B12: I | C12: -14.058089 | D12: 7.3024193 | E12: 2.0253388 | F12: 4.4022929 | G12: 5.3859782
B13: II | C13: -14.955929 | D13: 10.984526 | E13: 1.3374732 | F13: 5.8248179 | G13: 6.8616596
B14: III | C14: -12.47223 | D14: 15.148086 | E14: 3.6007282 | F14: 9.064236 | G14: 9.8821486
B15: IV | C15: -11.049105 | D15: 14.99244 | E15: 0.3249941 | F15: 7.2492533 | G15: 7.6777056
A16: 2005 | B16: I | C16: 1.4016061 | D16: 1.4913731 | E16: -0.9602196 | F16: 0.30116725 | G16: 0.45422946
B17: II | C17: 2.5816648 | D17: 2.7635397 | E17: 1.7867806 | F17: 2.2984049 | G17: 2.5781869
B18: III | C18: 1.2723764 | D18: 0.92847244 | E18: 0.63829885 | F18: 0.80909392 | G18: 0.98308309
B19: IV | C19: -2.2942277 | D19: -0.26742947 | E19: 1.7536583 | F19: 0.69492814 | G19: 0.92091066
A20: 2006 | B20: I | C20: 15.695198 | D20: 2.1930169 | E20: 4.7923371 | F20: 3.6647066 | G20: 4.2585928
B21: II | C21: 17.35556 | D21: 4.2193233 | E21: 4.3244956 | F21: 4.3765371 | G21: 5.14481
B22: III | C22: 18.291884 | D22: 4.7142261 | E22: 2.5333461 | F22: 3.7060317 | G22: 4.8938305
B23: IV | C23: 18.791305 | D23: 5.575767 | E23: 3.2649609 | F23: 4.502587 | G23: 6.0117128
A24: 2007 | B24: I | C24: -12.010973 | D24: 9.4635717 | E24: 6.0265396 | F24: 7.7033688 | G24: 10.329029
B25: II | C25: -16.930286 | D25: 6.7955052 | E25: 5.5414235 | F25: 6.0543996 | G25: 8.5264819
B26: III | C26: -16.215083 | D26: 8.4497204 | E26: 8.8927944 | F26: 8.4916854 | G26: 10.741059
B27: IV | C27: -16.717029 | D27: 10.555675 | E27: 9.4986751 | F27: 9.800566 | G27: 11.644667
A28: 2008 | B28: I | C28: 6.7417985 | D28: 12.48584 | E28: 9.8281435 | F28: 10.978535 | G28: 11.859711
B29: II | C29: 18.596536 | D29: 11.635092 | E29: 12.194733 | F29: 11.95719 | G29: 12.777974
B30: III | C30: 19.586696 | D30: 9.5345292 | E30: 11.126703 | F30: 10.422783 | G30: 11.395767
B31: IV | C31: 31.970645 | D31: 6.6962532 | E31: 9.0512125 | F31: 8.0876975 | G31: 9.3128396
A32: 2009 | B32: I | C32: 14.164298 | D32: -8.1907828 | E32: 3.4205718 | F32: -2.0259854 | G32: 0.075137932
B33: II | C33: 7.0663397 | D33: -7.2554332 | E33: 1.0387918 | F33: -2.8673321 | G33: -0.65425397
B34: III | C34: 7.0212088 | D34: -6.6084842 | E34: -0.96696309 | F34: -3.600533 | G34: -1.4397284
B35: IV | C35: -0.23754929 | D35: -5.9500177 | E35: -0.40328121 | F35: -3.0598307 | G35: -1.0528463
A36: 2010 | B36: I | C36: -1.2934844 | D36: 5.9608546 | E36: 15.135871 | F36: 11.096984 | G36: 11.94419
B37: II | C37: -3.6386859 | D37: 5.3852661 | E37: 16.239744 | F37: 11.319973 | G37: 12.488355
B38: III | C38: -5.5892397 | D38: 2.9224915 | E38: 15.921689 | F38: 9.8795372 | G38: 11.195112
B39: IV | C39: -9.3443071 | D39: 1.8163909 | E39: 16.532814 | F39: 9.6625845 | G39: 11.092313
A40: 2011 | B40: I | C40: -6.6537913 | D40: 0.72791968 | E40: 3.9118393 | F40: 2.4015945 | G40: 3.8029533
B41: II | C41: -7.8776091 | D41: -1.9935505 | E41: 2.8693162 | F41: 0.6426388 | G41: 1.7039779
B42: III | C42: -7.4017902 | D42: -0.98677034 | E42: 3.1379799 | F42: 1.2596321 | G42: 2.1263125
B43: IV | C43: -3.3191977 | D43: -1.4604691 | E43: 2.9914251 | F43: 0.97715244 | G43: 1.8246923
A44: 2012 | B44: I | C44: 16.589237 | D44: -12.221076 | E44: 3.1496238 | F44: -2.948679 | G44: -0.94933968
B45: II | C45: 15.123735 | D45: -5.9977023 | E45: 3.7468766 | F45: -0.10789756 | G45: 1.7645732
B46: III | C46: 18.653149 | D46: -2.8484287 | E46: 3.0946811 | F46: 0.69448585 | G46: 2.3188917
B47: IV | C47: 17.663178 | D47: -0.7346873 | E47: 3.6099338 | F47: 1.9160668 | G47: 3.5087244
A48: 2013 | B48: I | C48: -9.7688581 | D48: 3.0183073 | E48: 1.432092 | F48: 2.1603777 | G48: 3.5483227
B49: II | C49: -6.0727263 | D49: 3.9328287 | E49: 0.99252943 | F49: 2.1462108 | G49: 2.7798407
B50: III | C50: -7.2157642 | D50: 2.5525414 | E50: 2.1073034 | F50: 2.2304958 | G50: 2.8337077
B51: IV | C51: -6.4731867 | D51: 2.1716072 | E51: 0.94526542 | F51: 1.3708033 | G51: 1.8210988
A52: 2014 | B52: I | C52: -6.4809354 | D52: 11.75339 | E52: 1.5301961 | F52: 5.1358918 | G52: 4.6279131
B53: II | C53: -2.4099983 | D53: 8.482933 | E53: 0.24235989 | F53: 3.2141931 | G53: 2.7167065
B54: III | C54: -0.044353166 | D54: 5.3211557 | E54: -1.7075287 | F54: 0.85025541 | G54: 0.42333568
B55: IV | C55: -3.0124509 | D55: 6.437307 | E55: -2.6196329 | F55: 0.66135997 | G55: 0.13827599
A56: 2015 | B56: I | C56: 16.93792 | D56: 8.0514931 | E56: -7.2477453 | F56: -1.6995302 | G56: -2.5824155
B57: II | C57: 20.001492 | D57: 3.9370886 | E57: -6.3478443 | F57: -2.4253727 | G57: -3.086463
B58: III | C58: 16.562878 | D58: 5.050259 | E58: -5.2482006 | F58: -1.2820498 | G58: -1.8949824
B59: IV | C59: 12.056963 | D59: 4.031119 | E59: -4.6292945 | F59: -1.2533353 | G59: -1.6499476
A60: 2016 | B60: I | C60: 8.2245601 | D60: -2.8004122 | E60: -5.4611617 | F60: -4.3038735 | G60: -4.7173297
B61: II | C61: 7.8175028 | D61: -2.8107295 | E61: -6.007918 | F61: -4.6817185 | G61: -5.1891809
B62: III | C62: 3.7055118 | D62: -1.8389754 | E62: -5.3355312 | F62: -3.9659813 | G62: -4.637474
B63: IV | C63: 2.295201 | D63: -3.0167598 | E63: -4.0807909 | F63: -3.6520405 | G63: -4.5275416
A64: 2017 | B64: I | C64: -12.71814 | D64: -6.5052588 | E64: 3.44805 | F64: -0.69041474 | G64: -0.83043813
B65: II | C65: -16.046499 | D65: -4.8418483 | E65: 4.1070063 | F65: 0.35183094 | G65: 0.29421027
B66: III | C66: -13.795827 | D66: -2.2565461 | E66: 4.3141087 | F66: 1.5690345 | G66: 1.5209857
B67: IV | C67: -8.865723 | D67: -1.1893315 | E67: 3.8179564 | F67: 1.7239995 | G67: 1.9201048
A68: 2018 | B68: I | C68: -15.700757 | D68: 3.6769234 | E68: 3.8377648 | F68: 3.6853605 | G68: 3.7060201
B69: II | C69: -13.930622 | D69: 6.0779227 | E69: 3.0858308 | F69: 4.1421506 | G69: 4.1385914
B70: III | C70: -8.5456746 | D70: 3.572116 | E70: 3.9855724 | F70: 3.7670982 | G70: 3.9980228
B71: IV | C71: -10.261182 | D71: 2.6112815 | E71: 4.6496609 | F71: 3.7808692 | G71: 4.0495328
A72: 2019 | B72: I | C72: -4.7174559 | D72: -0.51525745 | E72: 2.8583644 | F72: 1.368185 | G72: 1.5969108
B73: II | C73: -3.6618206 | D73: -1.5694924 | E73: 2.8126093 | F73: 0.9846159 | G73: 1.5456612
B74: III | C74: -6.8687716 | D74: -2.7384716 | E74: 1.5148772 | F74: -0.24623213 | G74: 0.4052257
B75: IV | C75: -5.3581985 | D75: -3.7726241 | E75: 0.74626696 | F75: -1.1248412 | G75: -0.564172
A76: 2020 | B76: I | C76: 18.04274 | D76: -4.9978687 | E76: 1.82014 | F76: -0.8630444 | G76: -0.27112931
B77: II | C77: 16.974197 | D77: -14.69339 | E77: -2.3203587 | F77: -7.2786372 | G77: -7.0710832
B78: III | C78: 12.408672 | D78: -14.188207 | E78: -1.7448334 | F78: -6.8023455 | G78: -6.2344462
B79: IV | C79: 10.009519 | D79: -11.634683 | E79: -1.1655531 | F79: -5.3960468 | G79: -4.8986727
A80: 2021 | B80: I | C80: -8.7067594 | D80: -0.60559689 | E80: 4.5062496 | F80: 2.5440913 | G80: 2.774332
B81: II | C81: -11.771059 | D81: 6.283181 | E81: 10.02422 | F81: 8.5523573 | G81: 9.0741685
B82: III | C82: -11.406021 | D82: 4.1468052 | E82: 9.2214635 | F82: 7.220818 | G82: 7.0581693
B83: IV | C83: -10.880825 | D83: 0.66541491 | E83: 8.7422605 | F83: 5.6028229 | G83: 5.2621136
A84: 2022 | B84: I | C84: 24.156733 | D84: -5.3521847 | E84: 3.9327108 | F84: -0.044267672 | G84: -0.62737933
B85: II | C85: 21.890322 | D85: -4.742125 | E85: 3.4511435 | F85: -0.046353068 | G85: -0.51451966
B86: III | C86: 20.335079 | D86: -2.6341247 | E86: 4.6199163 | F86: 1.6105053 | G86: 1.2328886
B87: IV | C87: 21.946881 | D87: -1.5643949 | E87: 4.4970953 | F87: 1.8700657 | G87: 1.4036088
A88: 2023 | B88: I | C88: -17.978387 | D88: -5.7481682 | E88: 0.91389373 | F88: -2.535854 | G88: -2.604069
B89: II | C89: -14.825157 | D89: -2.9183349 | E89: 0.013747476 | F89: -1.5607629 | G89: -1.760979
B90: III | C90: -16.533652 | D90: -2.5063753 | E90: -0.6388738 | F90: -1.5699773 | G90: -1.9159877
B91: IV | C91: -15.660256 | D91: -2.0540683 | E91: -1.2079641 | F91: -1.6788162 | G91: -1.8554305
A92: 2024 | B92: I | C92: 57.752431 | D92: -3.4750223 | E92: 0.28243089 | F92: -0.69079099 | G92: -0.44888797
B93: II | C93: 46.661948 | D93: -1.3969502 | E93: 1.3971497 | F93: 0.52134612 | G93: 0.65367325
B94: III | C94: 44.668145 | D94: -1.9646407 | E94: 1.0235087 | F94: -0.13833085 | G94: 0.1751072
B95: IV | C95: 45.867144 | D95: -3.2263212 | E95: 0.77621493 | F95: -0.83247428 | G95: -0.48785741
A96: Fonte: Fundação Seade.
A97: Nota: Os dados são preliminares e sujeitos a revisão.

Sheet Tabela 17.8
A1: Tabela 17.8
A2: Taxas de crescimento do Valor Adicionado por setores de atividade econômica e do Produto Interno Bruto acumuladas nos últimos quatro trimestres em relação aos quatro trimestres imediatamente anteriores
A3: Região Administrativa de São José dos Campos
A4: 4º Trimestre de 2003 - 4º trimestre de 2024
A5: Em porcentagem
A6: Trimestres | C6: Valor Adicionado | G6: PIB
C7: Agropecuária | D7: Indústria | E7: Serviços | F7: Total
A8: 2003 | B8: IV | C8: 8.6178739 | D8: -4.4817746 | E8: 1.280153 | F8: -1.2384266 | G8: -2.0055581
A9: 2004 | B9: I | C9: -0.61397921 | D9: -3.7264594 | E9: 2.0438356 | F9: -0.52834238 | G9: -0.26110434
B10: II | C10: -7.4298751 | D10: 0.35406255 | E10: 2.861337 | F10: 1.8494248 | G10: 2.773523
B11: III | C11: -9.201673 | D11: 7.842083 | E11: 4.2868099 | F11: 6.158821 | G11: 7.2422589
B12: IV | C12: -11.049105 | D12: 14.99244 | E12: 0.3249941 | F12: 7.2492533 | G12: 7.6777056
A13: 2005 | B13: I | C13: -7.3790178 | D13: 13.377217 | E13: -0.39622412 | F13: 6.1968369 | G13: 6.4218794
B14: II | C14: -2.2634163 | D14: 10.581718 | E14: 0.54996095 | F14: 5.4514763 | G14: 5.5226788
B15: III | C15: -1.0621851 | D15: 4.1340137 | E15: -1.7730096 | F15: 1.1697237 | G15: 1.1855698
B16: IV | C16: -2.2942277 | D16: -0.26742947 | E16: 1.7536583 | F16: 0.69492814 | G16: 0.92091066
A17: 2006 | B17: I | C17: 1.3189581 | D17: -0.10137233 | E17: 3.1576218 | F17: 1.4866867 | G17: 1.813627
B18: II | C18: 5.2430842 | D18: 0.46376443 | E18: 3.0030502 | F18: 1.717765 | G18: 2.1811098
B19: III | C19: 10.212858 | D19: 2.5466646 | E19: 3.1783021 | F19: 2.8610362 | G19: 3.8335378
B20: IV | C20: 18.791305 | D20: 5.575767 | E20: 3.2649609 | F20: 4.502587 | G20: 6.0117128
A21: 2007 | B21: I | C21: 10.701556 | D21: 7.2565151 | E21: 3.5867981 | F21: 5.4668853 | G21: 7.4539768
B22: II | C22: -0.67284301 | D22: 6.8198043 | E22: 3.8935334 | F22: 5.3329368 | G22: 7.6718812
B23: III | C23: -8.4148722 | D23: 8.3736225 | E23: 8.0201795 | F23: 8.0877346 | G23: 10.371138
B24: IV | C24: -16.717029 | D24: 10.555675 | E24: 9.4986751 | F24: 9.800566 | G24: 11.644667
A25: 2008 | B25: I | C25: -12.576783 | D25: 11.253406 | E25: 10.409146 | F25: 10.568205 | G25: 11.992122
B26: II | C26: 0.067196454 | D26: 12.82504 | E26: 12.762944 | F26: 12.644176 | G26: 13.652383
B27: III | C27: 8.9783697 | D27: 11.253017 | E27: 11.14995 | F27: 11.183838 | G27: 12.072679
B28: IV | C28: 31.970645 | D28: 6.6962532 | E28: 9.0512125 | F28: 8.0876975 | G28: 9.3128396
A29: 2009 | B29: I | C29: 33.597708 | D29: 1.8691027 | E29: 7.4585806 | F29: 4.9520293 | G29: 6.4737523
B30: II | C30: 24.349771 | D30: -2.2730121 | E30: 3.6020467 | F30: 0.92816851 | G30: 2.8287821
B31: III | C31: 20.445615 | D31: -5.1570894 | E31: 0.068218813 | F31: -2.281959 | G31: -0.15682634
B32: IV | C32: -0.23754929 | D32: -5.9500177 | E32: -0.40328121 | F32: -3.0598307 | G32: -1.0528463
A33: 2010 | B33: I | C33: -3.498444 | D33: -2.8335252 | E33: 2.4605174 | F33: -0.044487129 | G33: 1.6979765
B34: II | C34: -5.159977 | D34: -0.047317528 | E34: 7.074057 | F34: 3.7206658 | G34: 5.2597978
B35: III | C35: -8.7521535 | D35: 1.0825208 | E35: 12.232762 | F35: 6.9456043 | G35: 8.3085319
B36: IV | C36: -9.3443071 | D36: 1.8163909 | E36: 16.532814 | F36: 9.6625845 | G36: 11.092313
A37: 2011 | B37: I | C37: -10.67784 | D37: 0.63240143 | E37: 13.432705 | F37: 7.4749148 | G37: 9.0386968
B38: II | C38: -11.523521 | D38: -1.6983111 | E38: 9.3780314 | F38: 4.2700076 | G38: 5.6351133
B39: III | C39: -10.821661 | D39: -1.0828379 | E39: 6.5920735 | F39: 3.1137184 | G39: 4.2049537
B40: IV | C40: -3.3191977 | D40: -1.4604691 | E40: 2.9914251 | F40: 0.97715244 | G40: 1.8246923
A41: 2012 | B41: I | C41: 2.6676522 | D41: -4.5260567 | E41: 2.8102999 | F41: -0.31872412 | G41: 0.6882099
B42: II | C42: 8.5960235 | D42: -3.4049204 | E42: 3.4300236 | F42: 0.60435585 | G42: 1.8536449
B43: III | C43: 16.568756 | D43: -2.8571993 | E43: 2.9623921 | F43: 0.55718122 | G43: 1.9728737
B44: IV | C44: 17.663178 | D44: -0.7346873 | E44: 3.6099338 | F44: 1.9160668 | G44: 3.5087244
A45: 2013 | B45: I | C45: 9.9871542 | D45: 2.9349176 | E45: 3.1774378 | F45: 3.1635141 | G45: 4.5934148
B46: II | C46: 6.0367329 | D46: 4.1300899 | E46: 2.2262223 | F46: 3.0256915 | G46: 3.9951967
B47: III | C47: -2.067812 | D47: 3.3539497 | E47: 2.8593407 | F47: 3.059907 | G47: 3.8734833
B48: IV | C48: -6.4731867 | D48: 2.1716072 | E48: 0.94526542 | F48: 1.3708033 | G48: 1.8210988
A49: 2014 | B49: I | C49: -5.6074389 | D49: 4.0821824 | E49: 0.97104195 | F49: 2.0739474 | G49: 2.0904323
B50: II | C50: -4.7335411 | D50: 4.3551438 | E50: 0.5725093 | F50: 1.8994875 | G50: 1.8029399
B51: III | C51: -1.217518 | D51: 4.2346983 | E51: -1.8713052 | F51: 0.35954269 | G51: 0.057591685
B52: IV | C52: -3.0124509 | D52: 6.437307 | E52: -2.6196329 | F52: 0.66135997 | G52: 0.13827599
A53: 2015 | B53: I | C53: 2.5554199 | D53: 5.7013282 | E53: -4.7714926 | F53: -0.94018413 | G53: -1.561297
B54: II | C54: 7.9620454 | D54: 4.2809088 | E54: -5.8821213 | F54: -2.0846657 | G54: -2.6860709
B55: III | C55: 9.2035845 | D55: 6.1917203 | E55: -5.2665063 | F55: -0.92899468 | G55: -1.583127
B56: IV | C56: 12.056963 | D56: 4.031119 | E56: -4.6292945 | F56: -1.2533353 | G56: -1.6499476
A57: 2016 | B57: I | C57: 9.9085322 | D57: 1.5050321 | E57: -4.1504469 | F57: -1.8770072 | G57: -2.1561312
B58: II | C58: 6.1421588 | D58: 0.72262744 | E58: -4.4042292 | F58: -2.3494915 | G58: -2.6587908
B59: III | C59: 2.4638603 | D59: -1.0464083 | E59: -4.6687836 | F59: -3.2491937 | G59: -3.6774039
B60: IV | C60: 2.295201 | D60: -3.0167598 | E60: -4.0807909 | F60: -3.6520405 | G60: -4.5275416
A61: 2017 | B61: I | C61: -3.119397 | D61: -3.8674614 | E61: -1.9486624 | F61: -2.7987397 | G61: -3.6173838
B62: II | C62: -10.685967 | D62: -3.9800037 | E62: 0.88312206 | F62: -1.2095746 | G62: -1.8908148
B63: III | C63: -11.573666 | D63: -3.3404887 | E63: 3.1042034 | F63: 0.44362156 | G63: -0.0084113743
B64: IV | C64: -8.865723 | D64: -1.1893315 | E64: 3.8179564 | F64: 1.7239995 | G64: 1.9201048
A65: 2018 | B65: I | C65: -9.4421043 | D65: 1.1631755 | E65: 3.9123969 | F65: 2.7752516 | G65: 3.0159815
B66: II | C66: -7.0516203 | D66: 4.0148908 | E66: 3.3127259 | F66: 3.5713406 | G66: 3.7951455
B67: III | C67: -4.1868157 | D67: 3.1691214 | E67: 3.587608 | F67: 3.3630606 | G67: 3.7595258
B68: IV | C68: -10.261182 | D68: 2.6112815 | E68: 4.6496609 | F68: 3.7808692 | G68: 4.0495328
A69: 2019 | B69: I | C69: -7.6028077 | D69: 1.6620756 | E69: 4.3972386 | F69: 3.2205794 | G69: 3.5362412
B70: II | C70: -5.0301977 | D70: -0.94853954 | E70: 4.4898864 | F70: 2.2385404 | G70: 2.7808424
B71: III | C71: -9.13963 | D71: -2.0812574 | E71: 2.7757607 | F71: 0.77284421 | G71: 1.3674797
B72: IV | C72: -5.3581985 | D72: -3.7726241 | E72: 0.74626696 | F72: -1.1248412 | G72: -0.564172
A73: 2020 | B73: I | C73: -0.1643515 | D73: -4.7786598 | E73: 0.50492669 | F73: -1.6459138 | G73: -0.99963292
B74: II | C74: 4.690846 | D74: -10.021979 | E74: -1.7474235 | F74: -5.1198623 | G74: -4.719725
B75: III | C75: 9.3385275 | D75: -12.29574 | E75: -1.6623251 | F75: -5.9900146 | G75: -5.4680954
B76: IV | C76: 10.009519 | D76: -11.634683 | E76: -1.1655531 | F76: -5.3960468 | G76: -4.8986727
A77: 2021 | B77: I | C77: 3.1137788 | D77: -10.732765 | E77: -0.48175719 | F77: -4.5911754 | G77: -4.1732816
B78: II | C78: -5.128233 | D78: -1.952685 | E78: 4.8764883 | F78: 2.1722544 | G78: 2.801914
B79: III | C79: -8.3424747 | D79: 1.9921386 | E79: 6.9668274 | F79: 4.9924447 | G79: 4.9102318
B80: IV | C80: -10.880825 | D80: 0.66541491 | E80: 8.7422605 | F80: 5.6028229 | G80: 5.2621136
A81: 2022 | B81: I | C81: -3.068876 | D81: -0.51162767 | E81: 8.5440483 | F81: 4.9184499 | G81: 4.3722925
B82: II | C82: 6.2656571 | D82: -4.553667 | E82: 5.4344868 | F82: 1.3926872 | G82: 0.61772734
B83: III | C83: 13.078649 | D83: -4.2620634 | E83: 5.2917935 | F83: 1.4711167 | G83: 0.99319491
B84: IV | C84: 21.946881 | D84: -1.5643949 | E84: 4.4970953 | F84: 1.8700657 | G84: 1.4036088
A85: 2023 | B85: I | C85: 9.1680464 | D85: -1.6073513 | E85: 3.7340643 | F85: 1.2605251 | G85: 0.92397631
B86: II | C86: 0.5643521 | D86: -0.59894834 | E86: 2.7515864 | F86: 1.1192357 | G86: 0.79116125
B87: III | C87: -7.8244055 | D87: -1.446181 | E87: 0.54827919 | F87: -0.52496393 | G87: -0.95899941
B88: IV | C88: -15.660256 | D88: -2.0540683 | E88: -1.2079641 | F88: -1.6788162 | G88: -1.8554305
A89: 2024 | B89: I | C89: 1.8911155 | D89: -1.4885404 | E89: -1.3574499 | F89: -1.2389631 | G89: -1.3427561
B90: II | C90: 14.588895 | D90: -1.3179169 | E90: -0.53097991 | F90: -0.67419929 | G90: -0.69057359
B91: III | C91: 28.887761 | D91: -1.6410772 | E91: 0.024133294 | F91: -0.61472512 | G91: -0.30178477
B92: IV | C92: 45.867144 | D92: -3.2263212 | E92: 0.77621493 | F92: -0.83247428 | G92: -0.48785741
A93: Fonte: Fundação Seade.
A94: Nota: Os dados são preliminares e sujeitos a revisão.

Sheet Tabela 17.9
A1: Tabela 17.9
A2: Valor Adicionado por setores de atividade econômica e do Produto Interno Bruto
A3: Região Administrativa de São José dos Campos
A4: 1º Trimestre de 2002 - 4º trimestre de 2024
A5: Em bilhões Reais
A6: Trimestres | C6: Valor Adicionado | G6: PIB
C7: Agropecuária | D7: Indústria | E7: Serviços | F7: Total
A8: 2002 | B8: I | C8: 0.039288665 | D8: 2.7090968 | E8: 3.0954184 | F8: 5.8438038 | G8: 6.8183052
B9: II | C9: 0.05377859 | D9: 2.5660736 | E9: 3.2003211 | F9: 5.8201733 | G9: 6.9554343
B10: III | C10: 0.058038977 | D10: 2.6466557 | E10: 3.3252185 | F10: 6.0299132 | G10: 7.295626
B11: IV | C11: 0.078535353 | D11: 3.0881904 | E11: 3.6587084 | F11: 6.8254342 | G11: 8.431558
A12: 2003 | B12: I | C12: 0.097157257 | D12: 3.1415758 | E12: 3.6968072 | F12: 6.9355402 | G12: 8.321337
B13: II | C13: 0.092348783 | D13: 3.4734624 | E13: 3.5225212 | F13: 7.0883324 | G13: 8.2696131
B14: III | C14: 0.071909751 | D14: 3.7438679 | E14: 3.6045106 | F14: 7.4202883 | G14: 8.4951543
B15: IV | C15: 0.085258744 | D15: 3.9032272 | E15: 4.2089297 | F15: 8.1974157 | G15: 9.6615452
A16: 2004 | B16: I | C16: 0.057699321 | D16: 3.7172695 | E16: 3.9080082 | F16: 7.682977 | G16: 9.1668328
B17: II | C17: 0.056718081 | D17: 4.0286557 | E17: 3.771151 | F17: 7.8565248 | G17: 9.5051736
B18: III | C18: 0.054672323 | D18: 4.6047987 | E18: 4.145546 | F18: 8.8050171 | G18: 10.504008
B19: IV | C19: 0.063404081 | D19: 4.6299735 | E19: 4.266707 | F19: 8.9600846 | G19: 10.969408
A20: 2005 | B20: I | C20: 0.059591763 | D20: 3.9226193 | E20: 4.1069039 | F20: 8.0891149 | G20: 9.796412
B21: II | C21: 0.061952948 | D21: 4.431922 | E21: 4.2946792 | F21: 8.7885542 | G21: 10.57769
B22: III | C22: 0.054325851 | D22: 4.6396448 | E22: 4.4267325 | F22: 9.1207031 | G22: 10.789597
B23: IV | C23: 0.055098613 | D23: 4.4327563 | E23: 4.9496692 | F23: 9.4375242 | G23: 11.357421
A24: 2006 | B24: I | C24: 0.065154483 | D24: 3.7893238 | E24: 4.8020871 | F24: 8.6565653 | G24: 10.498381
B25: II | C25: 0.067877265 | D25: 4.3722173 | E25: 4.8022023 | F25: 9.2422969 | G25: 11.295868
B26: III | C26: 0.061672009 | D26: 4.6430741 | E26: 4.775896 | F26: 9.4806421 | G26: 11.510494
B27: IV | C27: 0.075362032 | D27: 4.6181579 | E27: 5.4766576 | F27: 10.170178 | G27: 12.702672
A28: 2007 | B28: I | C28: 0.079900818 | D28: 4.44195 | E28: 5.1327135 | F28: 9.6545643 | G28: 11.770188
B29: II | C29: 0.072808334 | D29: 5.0217452 | E29: 5.246447 | F29: 10.341001 | G29: 12.542464
B30: III | C30: 0.082317452 | D30: 5.6394914 | E30: 5.6648903 | F30: 11.386699 | G30: 13.64408
B31: IV | C31: 0.07830715 | D31: 5.6994473 | E31: 6.2310282 | F31: 12.008783 | G31: 14.571496
A32: 2008 | B32: I | C32: 0.051720105 | D32: 5.1535136 | E32: 5.7935774 | F32: 10.998811 | G32: 13.474528
B33: II | C33: 0.05888928 | D33: 5.6573707 | E33: 6.1372056 | F33: 11.853466 | G33: 14.566809
B34: III | C34: 0.052056455 | D34: 6.2552951 | E34: 6.4215263 | F34: 12.728878 | G34: 15.473989
B35: IV | C35: 0.069505802 | D35: 6.2418864 | E35: 6.7589932 | F35: 13.070385 | G35: 16.244945
A36: 2009 | B36: I | C36: 0.071459043 | D36: 5.2282218 | E36: 6.7976869 | F36: 12.097368 | G36: 14.45586
B37: II | C37: 0.079844763 | D37: 5.8725629 | E37: 6.7987374 | F37: 12.751145 | G37: 15.094344
B38: III | C38: 0.080704152 | D38: 6.4425825 | E38: 6.8177921 | F38: 13.341079 | G38: 15.747191
B39: IV | C39: 0.083125193 | D39: 6.3199585 | E39: 7.7108944 | F39: 14.113978 | G39: 16.917763
A40: 2010 | B40: I | C40: 0.075584746 | D40: 5.729322 | E40: 7.1574739 | F40: 12.962381 | G40: 15.697052
B41: II | C41: 0.081018057 | D41: 6.3563988 | E41: 7.6229766 | F41: 14.060393 | G41: 17.105905
B42: III | C42: 0.072466505 | D42: 6.4596459 | E42: 7.0520847 | F42: 13.584197 | G42: 16.497133
B43: IV | C43: 0.070350672 | D43: 6.2752501 | E43: 8.8433925 | F43: 15.188993 | G43: 18.68628
A44: 2011 | B44: I | C44: 0.083650923 | D44: 5.7409997 | E44: 8.3098092 | F44: 14.13446 | G44: 17.180136
B45: II | C45: 0.074596915 | D45: 5.9515437 | E45: 8.3495393 | F45: 14.37568 | G45: 17.642233
B46: III | C46: 0.069627317 | D46: 6.3545144 | E46: 8.4676097 | F46: 14.891751 | G46: 18.137068
B47: IV | C47: 0.085752152 | D47: 5.9629599 | E47: 9.5309739 | F47: 15.579686 | G47: 19.285057
A48: 2012 | B48: I | C48: 0.075873743 | D48: 5.0583819 | E48: 9.1962188 | F48: 14.330474 | G48: 17.430703
B49: II | C49: 0.074667513 | D49: 5.8410016 | E49: 9.359936 | F49: 15.275605 | G49: 18.783139
B50: III | C50: 0.088960606 | D50: 6.5670728 | E50: 9.4899213 | F50: 16.145955 | G50: 19.473682
B51: IV | C51: 0.080107088 | D51: 6.2939821 | E51: 10.776417 | F51: 17.150506 | G51: 21.302422
A52: 2013 | B52: I | C52: 0.089298755 | D52: 5.2721579 | E52: 10.558241 | F52: 15.919698 | G52: 19.673621
B53: II | C53: 0.08647589 | D53: 6.5602262 | E53: 10.778526 | F53: 17.425228 | G53: 21.17683
B54: III | C54: 0.084825473 | D54: 7.0494524 | E54: 11.19884 | F54: 18.333118 | G54: 22.080414
B55: IV | C55: 0.11351322 | D55: 6.7869943 | E55: 12.23358 | F55: 19.134088 | G55: 23.672306
A56: 2014 | B56: I | C56: 0.096865161 | D56: 6.8045223 | E56: 12.045398 | F56: 18.946786 | G56: 22.854223
B57: II | C57: 0.11399005 | D57: 7.8006279 | E57: 12.461864 | F57: 20.376482 | G57: 24.039914
B58: III | C58: 0.10748827 | D58: 7.7760314 | E58: 12.047036 | F58: 19.930556 | G58: 23.366199
B59: IV | C59: 0.10208086 | D59: 8.1562166 | E59: 12.904077 | F59: 21.162375 | G59: 25.578978
A60: 2015 | B60: I | C60: 0.096507054 | D60: 7.157458 | E60: 12.553844 | F60: 19.807809 | G60: 23.064951
B61: II | C61: 0.11293582 | D61: 7.8175978 | E61: 12.680515 | F61: 20.611049 | G61: 23.975726
B62: III | C62: 0.091153626 | D62: 8.1421087 | E62: 12.603536 | F62: 20.836798 | G62: 24.299034
B63: IV | C63: 0.083799442 | D63: 8.2441844 | E63: 13.962291 | F63: 22.290275 | G63: 26.529525
A64: 2016 | B64: I | C64: 0.11002776 | D64: 8.389059 | E64: 12.698566 | F64: 21.197653 | G64: 24.54617
B65: II | C65: 0.11947234 | D65: 9.0231825 | E65: 13.008466 | F65: 22.151121 | G65: 25.310129
B66: III | C66: 0.1086649 | D66: 10.006812 | E66: 13.114724 | F66: 23.230201 | G66: 26.173369
B67: IV | C67: 0.10488246 | D67: 9.3989946 | E67: 14.643961 | F67: 24.147838 | G67: 28.213765
A68: 2017 | B68: I | C68: 0.10699524 | D68: 8.1114432 | E68: 13.822594 | F68: 22.041033 | G68: 25.69207
B69: II | C69: 0.11337962 | D69: 8.8437041 | E69: 14.042897 | F69: 22.999981 | G69: 26.465103
B70: III | C70: 0.093842588 | D70: 10.258298 | E70: 14.086055 | F70: 24.438195 | G70: 27.773714
B71: IV | C71: 0.10029256 | D71: 10.195709 | E71: 15.109152 | F71: 25.405153 | G71: 29.410162
A72: 2018 | B72: I | C72: 0.095154398 | D72: 9.0793094 | E72: 15.028753 | F72: 24.203217 | G72: 28.403045
B73: II | C73: 0.089473309 | D73: 10.975015 | E73: 15.09214 | F73: 26.156628 | G73: 30.109864
B74: III | C74: 0.099869781 | D74: 12.422724 | E74: 15.813814 | F74: 28.336408 | G74: 32.168429
B75: IV | C75: 0.093349203 | D75: 11.528602 | E75: 17.192036 | F75: 28.813987 | G75: 33.304205
A76: 2019 | B76: I | C76: 0.094344723 | D76: 10.621386 | E76: 16.515214 | F76: 27.230945 | G76: 31.494994
B77: II | C77: 0.099854497 | D77: 12.363098 | E77: 16.592414 | F77: 29.055366 | G77: 32.931293
B78: III | C78: 0.088804029 | D78: 12.373199 | E78: 16.705987 | F78: 29.167991 | G78: 32.805999
B79: IV | C79: 0.10044962 | D79: 11.508068 | E79: 17.902133 | F79: 29.510651 | G79: 34.455984
A80: 2020 | B80: I | C80: 0.13359001 | D80: 9.6699728 | E80: 16.78787 | F80: 26.591433 | G80: 30.901531
B81: II | C81: 0.13779966 | D81: 8.0486897 | E81: 15.258543 | F81: 23.445033 | G81: 26.342596
B82: III | C82: 0.14752764 | D82: 10.697678 | E82: 16.147866 | F82: 26.993071 | G82: 30.895464
B83: IV | C83: 0.15321143 | D83: 11.432328 | E83: 17.479872 | F83: 29.065411 | G83: 33.807246
A84: 2021 | B84: I | C84: 0.17983822 | D84: 12.776785 | E84: 17.94509 | F84: 30.901713 | G84: 36.181408
B85: II | C85: 0.15860433 | D85: 14.676225 | E85: 18.200422 | F85: 33.035251 | G85: 37.795055
B86: III | C86: 0.15046168 | D86: 16.52201 | E86: 18.597432 | F86: 35.269904 | G86: 39.867954
B87: IV | C87: 0.13762234 | D87: 17.208638 | E87: 20.457656 | F87: 37.803917 | G87: 43.486502
A88: 2022 | B88: I | C88: 0.20214639 | D88: 18.954919 | E88: 19.625415 | F88: 38.78248 | G88: 43.027761
B89: II | C89: 0.18086492 | D89: 21.349546 | E89: 21.335956 | F89: 42.866368 | G89: 46.635427
B90: III | C90: 0.13465662 | D90: 23.108459 | E90: 22.192569 | F90: 45.435684 | G90: 48.690264
B91: IV | C91: 0.15065843 | D91: 19.791405 | E91: 23.002131 | F91: 42.944195 | G91: 46.551153
A92: 2023 | B92: I | C92: 0.14799828 | D92: 16.640527 | E92: 21.624429 | F92: 38.412954 | G92: 41.698351
B93: II | C93: 0.15355441 | D93: 17.418857 | E93: 21.869841 | F93: 39.442252 | G93: 42.889044
B94: III | C94: 0.11151561 | D94: 18.979835 | E94: 22.640485 | F94: 41.731836 | G94: 44.933834
B95: IV | C95: 0.12713575 | D95: 18.052142 | E95: 23.972466 | F95: 42.151743 | G95: 46.359774
A96: 2024 | B96: I | C96: 0.22193972 | D96: 15.317057 | E96: 22.165717 | F96: 37.704714 | G96: 41.565231
B97: II | C97: 0.19401067 | D97: 17.939939 | E97: 23.379204 | F97: 41.513153 | G97: 45.603644
B98: III | C98: 0.14481709 | D98: 18.878692 | E98: 24.181127 | F98: 43.204636 | G98: 47.23825
B99: IV | C99: 0.22058745 | D99: 17.274903 | E99: 24.87084 | F99: 42.36633 | G99: 47.33543
A100: Fonte: Fundação Seade.
...

Sheet Tabela 20.2
A1: Tabela 20.2
A2: Taxas de crescimento do PIB
A3: Região Metropolitana de São Paulo
A4: 2º Trimestre de 2002 - 4º trimestre de 2024
A5: Em porcentagem
A6: Trimestres | B6: Trimestre / Trimestre imediatamente anterior (com ajuste sazonal) | C6: Trimestre / mesmo trimestre do ano anterior | D6: Acumulado ao longo do ano / mesmo período do ano anterior | E6: Últimos quatro trimestres / quatro trimestres imediatamente anteriores
A7: 2002.1 | B7: - | C7: - | D7: - | E7: -
A8: 2002.2 | B8: -1.2626931 | C8: - | D8: - | E8: -
A9: 2002.3 | B9: -2.575341 | C9: - | D9: - | E9: -
A10: 2002.4 | B10: -1.0544463 | C10: - | D10: - | E10: -
A11: 2003.1 | B11: -0.49624378 | C11: -5.0431414 | D11: -5.0431414 | E11: -
A12: 2003.2 | B12: -0.25068061 | C12: -4.8117634 | D12: -4.9262402 | E12: -
A13: 2003.3 | B13: 2.2329864 | C13: 0.45505853 | D13: -3.1331582 | E13: -
A14: 2003.4 | B14: 2.6246424 | C14: 3.8571635 | D14: -1.3848791 | E14: -1.3848791
A15: 2004.1 | B15: 1.1386445 | C15: 6.6025654 | D15: 6.6025654 | E15: 1.4316926
A16: 2004.2 | B16: 1.5219899 | C16: 7.8914696 | D16: 7.2545543 | E16: 4.6415017
A17: 2004.3 | B17: 0.44545374 | C17: 5.7465764 | D17: 6.7334739 | E17: 5.9968003
A18: 2004.4 | B18: 0.29166058 | C18: 3.5072623 | D18: 5.8837078 | E18: 5.8837078
A19: 2005.1 | B19: 1.6838255 | C19: 2.7944828 | D19: 2.7944828 | E19: 4.9427677
A20: 2005.2 | B20: 0.53266641 | C20: 3.6483929 | D20: 3.2289961 | E20: 3.9189682
A21: 2005.3 | B21: 1.2324397 | C21: 3.8676002 | D21: 3.4476247 | E21: 3.4625906
A22: 2005.4 | B22: 0.87842737 | C22: 3.9739322 | D22: 3.5831399 | E22: 3.5831399
A23: 2006.1 | B23: 1.2597938 | C23: 4.7227582 | D23: 4.7227582 | E23: 4.050115
A24: 2006.2 | B24: -0.1563584 | C24: 2.8931994 | D24: 3.7880025 | E24: 3.855053
A25: 2006.3 | B25: 0.64762563 | C25: 2.4499063 | D25: 3.3280401 | E25: 3.4901952
... A98: 2024.4 | B98: -0.34748233 | C98: 3.8342092 | D98: 4.5073585 | E98: 4.5073585
A99: Fonte: Fundação Seade.
A100: Nota: Os dados são preliminares e sujeitos a revisão.

Sheet Tabela 20.3
A1: Tabela 20.3
A2: Índices trimestrais do Valor Adicionado por setores de atividade econômica e do Produto Interno Bruto
A3: Região Metropolitana de São Paulo
A4: 1º Trimestre de 2002 - 4º trimestre de 2024
A5: Base: 2010 = 100
A6: Trimestres | C6: Valor Adicionado | G6: PIB
C7: Agropecuária | D7: Indústria | E7: Serviços | F7: Total
A8: 2002 | B8: I | C8: 195.50833 | D8: 74.484763 | E8: 73.247163 | F8: 73.735485 | G8: 74.125585
B9: II | C9: 224.4282 | D9: 86.542893 | E9: 72.011976 | F9: 75.208996 | G9: 75.695431
B10: III | C10: 186.54743 | D10: 90.727363 | E10: 70.707739 | F10: 74.99255 | G10: 74.867651
B11: IV | C11: 173.42058 | D11: 90.09019 | E11: 70.124722 | F11: 74.389868 | G11: 74.936153
A12: 2003 | B12: I | C12: 208.57086 | D12: 80.702236 | E12: 67.19151 | F12: 70.164407 | G12: 70.387327
B13: II | C13: 224.64233 | D13: 79.254328 | E13: 69.078792 | F13: 71.388447 | G13: 72.053146
B14: III | C14: 181.27885 | D14: 84.386035 | E14: 72.173909 | F14: 74.87596 | G14: 75.208343
B15: IV | C15: 165.74272 | D15: 85.366758 | E15: 74.069522 | F15: 76.580222 | G15: 77.826563
A16: 2004 | B16: I | C16: 209.79468 | D16: 81.999049 | E16: 72.070507 | F16: 74.296044 | G16: 75.034697
B17: II | C17: 226.70812 | D17: 86.969753 | E17: 74.123609 | F17: 76.990124 | G17: 77.739198
B18: III | C18: 185.75341 | D18: 93.12056 | E18: 75.441133 | F18: 79.332076 | G18: 79.530248
B19: IV | C19: 164.09106 | D19: 89.044347 | E19: 77.2063 | F19: 79.817064 | G19: 80.556145
A20: 2005 | B20: I | C20: 147.57699 | D20: 83.70439 | E20: 74.698023 | F20: 76.655755 | G20: 77.131528
B21: II | C21: 157.606 | D21: 90.133769 | E21: 77.062179 | F21: 79.935484 | G21: 80.575429
B22: III | C22: 132.66406 | D22: 94.028016 | E22: 78.966192 | F22: 82.270801 | G22: 82.60616
B23: IV | C23: 131.92487 | D23: 90.191142 | E23: 80.705596 | F23: 82.751328 | G23: 83.757392
A24: 2006 | B24: I | C24: 134.38688 | D24: 86.806219 | E24: 78.311657 | F24: 80.153816 | G24: 80.774264
B25: II | C25: 139.1681 | D25: 88.162994 | E25: 80.415118 | F25: 82.092595 | G25: 82.906637
B26: III | C26: 129.20373 | D26: 90.808676 | E26: 82.475536 | F26: 84.272266 | G26: 84.629934
B27: IV | C27: 115.88577 | D27: 86.891964 | E27: 85.137008 | F27: 85.470389 | G27: 86.19096
A28: 2007 | B28: I | C28: 127.80085 | D28: 84.574136 | E28: 83.096741 | F28: 83.446402 | G28: 83.876293
B29: II | C29: 128.69045 | D29: 91.838108 | E29: 87.661524 | F29: 88.570023 | G29: 89.002288
B30: III | C30: 117.56988 | D30: 97.154382 | E30: 89.761367 | F30: 91.329165 | G30: 91.263351
B31: IV | C31: 109.90327 | D31: 95.067272 | E31: 92.638723 | F31: 93.168179 | G31: 93.986228
A32: 2008 | B32: I | C32: 101.23969 | D32: 92.815027 | E32: 89.088572 | F32: 89.877079 | G32: 90.259454
B33: II | C33: 101.28979 | D33: 100.50859 | E33: 93.620216 | F33: 95.078332 | G33: 95.542619
B34: III | C34: 94.535336 | D34: 105.07825 | E34: 97.320258 | F34: 98.95315 | G34: 98.85137
B35: IV | C35: 89.618383 | D35: 91.122653 | E35: 96.395718 | F35: 95.243667 | G35: 95.420673
A36: 2009 | B36: I | C36: 104.01605 | D36: 80.020494 | E36: 90.787702 | F36: 88.512544 | G36: 87.621292
B37: II | C37: 113.26106 | D37: 88.766635 | E37: 93.851281 | F37: 92.781403 | G37: 92.437547
B38: III | C38: 100.88737 | D38: 96.904662 | E38: 96.446047 | F38: 96.534237 | G38: 96.467088
B39: IV | C39: 88.405223 | D39: 97.997572 | E39: 98.442632 | F39: 98.327442 | G39: 99.274104
A40: 2010 | B40: I | C40: 107.34211 | D40: 96.819929 | E40: 96.378378 | F40: 96.483706 | G40: 96.411342
B41: II | C41: 106.71239 | D41: 101.98724 | E41: 99.045834 | F41: 99.684329 | G41: 99.646595
B42: III | C42: 96.358243 | D42: 103.05806 | E42: 101.20971 | F42: 101.60159 | G42: 101.29686
B43: IV | C43: 89.587256 | D43: 98.134772 | E43: 103.36607 | F43: 102.23037 | G43: 102.64521
A44: 2011 | B44: I | C44: 103.01771 | D44: 98.578417 | E44: 99.608943 | F44: 99.389756 | G44: 99.431667
B45: II | C45: 100.73898 | D45: 102.29282 | E45: 102.89993 | F45: 102.76713 | G45: 102.47864
B46: III | C46: 91.35402 | D46: 107.79853 | E46: 104.50833 | F46: 105.20613 | G46: 104.83542
B47: IV | C47: 88.361704 | D47: 100.86872 | E47: 105.52879 | F47: 104.50893 | G47: 104.63236
A48: 2012 | B48: I | C48: 86.50252 | D48: 92.924336 | E48: 102.24862 | F48: 100.28364 | G48: 99.560811
B49: II | C49: 87.402145 | D49: 95.840009 | E49: 103.66476 | F49: 102.01205 | G49: 101.40425
B50: III | C50: 80.525745 | D50: 104.11786 | E50: 106.44089 | F50: 105.92657 | G50: 105.49006
B51: IV | C51: 75.951939 | D51: 97.74931 | E51: 106.60274 | F51: 104.72149 | G51: 104.78578
A52: 2013 | B52: I | C52: 114.55059 | D52: 92.684709 | E52: 101.38744 | F52: 99.594533 | G52: 98.973059
B53: II | C53: 115.77961 | D53: 104.00437 | E53: 105.29187 | F53: 104.99797 | G53: 104.3965
B54: III | C54: 105.63739 | D54: 108.70693 | E54: 108.28638 | F54: 108.3235 | G54: 107.8262
B55: IV | C55: 107.01605 | D55: 96.714826 | E55: 109.74001 | F55: 107.0502 | G55: 107.02764
A56: 2014 | B56: I | C56: 114.29845 | D56: 90.178604 | E56: 106.76115 | F56: 103.4824 | G56: 102.40642
B57: II | C57: 115.84475 | D57: 92.76744 | E57: 104.91855 | F57: 102.49588 | G57: 102.03198
B58: III | C58: 101.51255 | D58: 98.36497 | E58: 106.29222 | F58: 104.65837 | G58: 104.22722
B59: IV | C59: 96.225595 | D59: 89.301859 | E59: 109.05021 | F59: 105.13615 | G59: 105.30606
A60: 2015 | B60: I | C60: 111.22317 | D60: 82.951873 | E60: 103.6706 | F60: 99.599174 | G60: 98.700095
B61: II | C61: 124.86639 | D61: 82.627384 | E61: 103.08028 | F61: 99.083792 | G61: 98.305017
B62: III | C62: 103.94649 | D62: 83.645078 | E62: 102.83435 | F62: 99.047652 | G62: 97.899818
B63: IV | C63: 91.582676 | D63: 75.44805 | E63: 103.63655 | F63: 98.094987 | G63: 97.131768
A64: 2016 | B64: I | C64: 119.23792 | D64: 72.614727 | E64: 99.142721 | F64: 93.98225 | G64: 92.41044
B65: II | C65: 127.13537 | D65: 78.435592 | E65: 101.16462 | F65: 96.736687 | G65: 95.757056
B66: III | C66: 100.98597 | D66: 80.946771 | E66: 101.33851 | F66: 97.318194 | G66: 96.05803
B67: IV | C67: 93.205702 | D67: 73.4802 | E67: 101.28446 | F67: 95.835699 | G67: 94.226258
A68: 2017 | B68: I | C68: 98.996323 | D68: 69.208198 | E68: 98.49609 | F68: 92.820889 | G68: 91.344572
B69: II | C69: 98.079202 | D69: 74.400313 | E69: 99.295012 | F69: 94.422276 | G69: 93.420794
B70: III | C70: 81.096646 | D70: 80.376871 | E70: 100.01271 | F70: 96.079183 | G70: 94.870661
B71: IV | C71: 78.641296 | D71: 74.061584 | E71: 101.71626 | F71: 96.298268 | G71: 95.092146
A72: 2018 | B72: I | C72: 99.20889 | D72: 69.215584 | E72: 98.500969 | F72: 92.827126 | G72: 90.970676
B73: II | C73: 100.60051 | D73: 74.86205 | E73: 99.951576 | F73: 95.043686 | G73: 93.831665
B74: III | C74: 86.827274 | D74: 78.589327 | E74: 100.85127 | F74: 96.439104 | G74: 95.106364
B75: IV | C75: 85.80398 | D75: 72.036191 | E75: 104.07956 | F75: 97.855623 | G75: 96.503307
A76: 2019 | B76: I | C76: 130.48884 | D76: 68.280474 | E76: 100.88755 | F76: 94.620788 | G76: 92.352677
B77: II | C77: 125.31321 | D77: 75.222112 | E77: 101.44451 | F77: 96.354105 | G77: 95.100729
B78: III | C78: 109.487 | D78: 78.706031 | E78: 103.0149 | F78: 98.25386 | G78: 97.013606
B79: IV | C79: 116.271 | D79: 72.104451 | E79: 105.92276 | F79: 99.39444 | G79: 97.924407
A80: 2020 | B80: I | C80: 143.20543 | D80: 68.015331 | E80: 102.12826 | F80: 95.625157 | G80: 93.033067
B81: II | C81: 147.75538 | D81: 61.906699 | E81: 98.888985 | F81: 91.89695 | G81: 88.735261
B82: III | C82: 124.70321 | D82: 78.015703 | E82: 106.54638 | F82: 100.99485 | G82: 98.835087
B83: IV | C83: 128.33966 | D83: 76.220726 | E83: 112.37641 | F83: 105.43626 | G83: 103.21989
A84: 2021 | B84: I | C84: 148.74527 | D84: 74.14419 | E84: 109.35638 | F84: 102.62747 | G84: 99.981415
B85: II | C85: 143.71343 | D85: 75.510083 | E85: 111.51509 | F85: 104.62316 | G85: 102.42648
B86: III | C86: 115.94969 | D86: 78.754536 | E86: 113.79366 | F86: 107.04353 | G86: 104.78311
B87: IV | C87: 123.49764 | D87: 70.956548 | E87: 116.86573 | F87: 108.03454 | G87: 105.53382
A88: 2022 | B88: I | C88: 150.85627 | D88: 68.996784 | E88: 113.13231 | F88: 104.56074 | G88: 101.99202
B89: II | C89: 143.12919 | D89: 74.253299 | E89: 115.88925 | F89: 107.85395 | G89: 105.63088
B90: III | C90: 117.37525 | D90: 79.871162 | E90: 119.19225 | F90: 111.63143 | G90: 109.52766
B91: IV | C91: 121.79538 | D91: 74.65332 | E91: 123.31877 | F91: 113.7969 | G91: 111.35212
A92: 2023 | B92: I | C92: 126.5206 | D92: 70.284649 | E92: 119.04771 | F92: 109.43655 | G92: 106.04756
B93: II | C93: 124.94722 | D93: 76.432866 | E93: 120.12826 | F93: 111.66223 | G93: 108.78075
B94: III | C94: 90.244022 | D94: 81.157402 | E94: 121.55035 | F94: 113.80266 | G94: 110.5731
B95: IV | C95: 103.30205 | D95: 74.898137 | E95: 125.51736 | F95: 115.5305 | G95: 112.54532
A96: 2024 | B96: I | C96: 126.32997 | D96: 74.056392 | E96: 122.22876 | F96: 112.80289 | G96: 109.66549
B97: II | C97: 115.65631 | D97: 82.710547 | E97: 125.4682 | F97: 117.2025 | G97: 114.69353
B98: III | C98: 86.661094 | D98: 84.453902 | E98: 128.20646 | F98: 119.71997 | G98: 116.467
B99: IV | C99: 107.88588 | D99: 76.56898 | E99: 130.85345 | F99: 120.16222 | G99: 116.86055
A100: Fonte: Fundação Seade.
...
